{"cameraMode":{"drawMode":0,"name":"Shaded","section":"Shading Mode"},"sceneLighting":false,"audioPlay":false,"sceneViewState":{"m_AlwaysRefresh":false,"showFog":true,"showSkybox":false,"showFlares":true,"showImageEffects":true,"showParticleSystems":true,"showVisualEffectGraphs":true,"m_FxEnabled":true},"in2DMode":false,"pivot":{"x":0.7214454412460327,"y":-0.5448247194290161,"z":0.8682705163955689},"rotation":{"x":-0.11077134311199188,"y":-0.8686916828155518,"z":0.22534383833408357,"w":-0.4270362854003906},"size":1.9448184967041016,"orthographic":false}