{"cameraMode":{"drawMode":0,"name":"Shaded","section":"Shading Mode"},"sceneLighting":false,"audioPlay":false,"sceneViewState":{"m_AlwaysRefresh":false,"showFog":true,"showSkybox":false,"showFlares":true,"showImageEffects":true,"showParticleSystems":true,"showVisualEffectGraphs":true,"m_FxEnabled":true},"in2DMode":false,"pivot":{"x":0.15513598918914796,"y":-0.18729138374328614,"z":-0.042731523513793948},"rotation":{"x":-0.17764855921268464,"y":-0.8192746043205261,"z":0.3442748785018921,"w":-0.4227772653102875},"size":1.2405219078063965,"orthographic":false}