{"cameraMode":{"drawMode":0,"name":"Shaded","section":"Shading Mode"},"sceneLighting":true,"audioPlay":false,"sceneViewState":{"m_AlwaysRefresh":false,"showFog":true,"showSkybox":true,"showFlares":true,"showImageEffects":true,"showParticleSystems":true,"showVisualEffectGraphs":true,"m_FxEnabled":true},"in2DMode":false,"pivot":{"x":12.564298629760743,"y":-2.636228084564209,"z":7.0599870681762699},"rotation":{"x":0.0722666084766388,"y":0.5734806656837463,"z":-0.050885990262031558,"w":0.814439594745636},"size":13.621566772460938,"orthographic":false}