{"cameraMode":{"drawMode":0,"name":"Shaded","section":"Shading Mode"},"sceneLighting":false,"audioPlay":false,"sceneViewState":{"m_AlwaysRefresh":false,"showFog":true,"showSkybox":false,"showFlares":true,"showImageEffects":true,"showParticleSystems":true,"showVisualEffectGraphs":true,"m_FxEnabled":true},"in2DMode":false,"pivot":{"x":0.11774924397468567,"y":-0.4532747268676758,"z":-1.1087008714675904},"rotation":{"x":-0.006166263949126005,"y":-0.9919037818908691,"z":0.11538847535848618,"w":-0.05301055312156677},"size":2.00917387008667,"orthographic":false}