{"cameraMode":{"drawMode":0,"name":"Shaded","section":"Shading Mode"},"sceneLighting":false,"audioPlay":false,"sceneViewState":{"m_AlwaysRefresh":false,"showFog":true,"showSkybox":false,"showFlares":true,"showImageEffects":true,"showParticleSystems":true,"showVisualEffectGraphs":true,"m_FxEnabled":true},"in2DMode":false,"pivot":{"x":-5.960464477539063e-7,"y":-0.16305482387542725,"z":0.0009268373250961304},"rotation":{"x":-0.18704067170619965,"y":-0.7170469760894775,"z":0.21032185852527619,"w":-0.6376982927322388},"size":1.4128212928771973,"orthographic":false}