{"cameraMode":{"drawMode":0,"name":"Shaded","section":"Shading Mode"},"sceneLighting":false,"audioPlay":false,"sceneViewState":{"m_AlwaysRefresh":false,"showFog":true,"showSkybox":false,"showFlares":true,"showImageEffects":true,"showParticleSystems":true,"showVisualEffectGraphs":true,"m_FxEnabled":true},"in2DMode":false,"pivot":{"x":0.03530400991439819,"y":0.0749957263469696,"z":-0.17336368560791017},"rotation":{"x":-0.18704067170619965,"y":-0.7170469760894775,"z":0.21032185852527619,"w":-0.6376982927322388},"size":1.1138991117477418,"orthographic":false}