{"cameraMode":{"drawMode":0,"name":"Shaded","section":"Shading Mode"},"sceneLighting":false,"audioPlay":false,"sceneViewState":{"m_AlwaysRefresh":false,"showFog":true,"showSkybox":false,"showFlares":true,"showImageEffects":true,"showParticleSystems":true,"showVisualEffectGraphs":true,"m_FxEnabled":true},"in2DMode":false,"pivot":{"x":0.24148178100585938,"y":-0.37816953659057619,"z":0.3539920449256897},"rotation":{"x":-0.10623513162136078,"y":-0.8670828938484192,"z":0.20972049236297608,"w":-0.43924230337142947},"size":1.1652802228927613,"orthographic":false}