{"cameraMode":{"drawMode":0,"name":"Shaded","section":"Shading Mode"},"sceneLighting":false,"audioPlay":false,"sceneViewState":{"m_AlwaysRefresh":false,"showFog":true,"showSkybox":false,"showFlares":true,"showImageEffects":true,"showParticleSystems":true,"showVisualEffectGraphs":true,"m_FxEnabled":true},"in2DMode":false,"pivot":{"x":2.4498555660247804,"y":0.48220646381378176,"z":-0.8188431262969971},"rotation":{"x":-0.14190596342086793,"y":-0.6514075994491577,"z":0.12582746148109437,"w":-0.7346649765968323},"size":1.5118870735168458,"orthographic":false}